<component name="ArtifactManager">
  <artifact type="jar" name="IUBO:jar2">
    <output-path>$PROJECT_DIR$/out/artifacts/IUBO_jar2</output-path>
    <root id="archive" name="IUBO.jar">
      <element id="module-output" name="IUBO" />
      <element id="extracted-dir" path="$MAVEN_REPOSITORY$/org/openjfx/javafx-fxml/20.0.1/javafx-fxml-20.0.1.jar" path-in-jar="/" />
      <element id="extracted-dir" path="$MAVEN_REPOSITORY$/org/openjfx/javafx-fxml/20.0.1/javafx-fxml-20.0.1-win.jar" path-in-jar="/" />
      <element id="extracted-dir" path="$MAVEN_REPOSITORY$/org/kordamp/bootstrapfx/bootstrapfx-core/0.4.0/bootstrapfx-core-0.4.0.jar" path-in-jar="/" />
      <element id="extracted-dir" path="$MAVEN_REPOSITORY$/mysql/mysql-connector-java/8.0.17/mysql-connector-java-8.0.17.jar" path-in-jar="/" />
      <element id="extracted-dir" path="$MAVEN_REPOSITORY$/org/openjfx/javafx-graphics/20/javafx-graphics-20-win.jar" path-in-jar="/" />
      <element id="extracted-dir" path="$MAVEN_REPOSITORY$/org/openjfx/javafx-base/20/javafx-base-20-win.jar" path-in-jar="/" />
      <element id="extracted-dir" path="$MAVEN_REPOSITORY$/org/openjfx/javafx-base/20/javafx-base-20.jar" path-in-jar="/" />
      <element id="extracted-dir" path="$MAVEN_REPOSITORY$/org/openjfx/javafx-controls/20/javafx-controls-20.jar" path-in-jar="/" />
      <element id="extracted-dir" path="$MAVEN_REPOSITORY$/org/openjfx/javafx-controls/20/javafx-controls-20-win.jar" path-in-jar="/" />
      <element id="extracted-dir" path="$MAVEN_REPOSITORY$/org/openjfx/javafx-graphics/20/javafx-graphics-20.jar" path-in-jar="/" />
    </root>
  </artifact>
</component>